Workbook

Sheet DSA Roadmap
A1: 230-Question DSA Roadmap Tracker — Java Full Stack (12 LPA Target)
A2: Fill in Solved (Yes/No), Attempts (number), and Notes as you practice each question.
A4: S.No | B4: Topic | C4: Question | D4: Level | E4: Hint | F4: Solved | G4: Attempts | H4: Notes
A5: 1 | B5: Arrays | C5: Find the largest element in an array | D5: Easy | E5: Single pass, track max variable | F5: No | G5: 0
A6: 2 | B6: Arrays | C6: Find the second largest element | D6: Easy | E6: Track two variables: largest and second largest | F6: No | G6: 0
A7: 3 | B7: Arrays | C7: Check if an array is sorted | D7: Easy | E7: Compare each element with the next | F7: No | G7: 0
A8: 4 | B8: Arrays | C8: Remove duplicates from a sorted array | D8: Easy | E8: Two pointers, overwrite in place | F8: No | G8: 0
A9: 5 | B9: Arrays | C9: Move all zeroes to the end | D9: Easy | E9: Two pointers, swap non-zero forward | F9: No | G9: 0
A10: 6 | B10: Arrays | C10: Left rotate an array by one position | D10: Easy | E10: Store first element, shift rest, place at end | F10: No | G10: 0
A11: 7 | B11: Arrays | C11: Left rotate an array by K positions | D11: Medium | E11: Reverse whole array, then reverse two parts | F11: No | G11: 0
A12: 8 | B12: Arrays | C12: Right rotate an array by K positions | D12: Medium | E12: Same as left rotate with K = n-K | F12: No | G12: 0
A13: 9 | B13: Arrays | C13: Find the missing number | D13: Easy | E13: Use sum formula n(n+1)/2 minus actual sum, or XOR | F13: No | G13: 0
A14: 10 | B14: Arrays | C14: Find the number that appears once | D14: Easy | E14: XOR all elements; duplicates cancel out | F14: No | G14: 0
A15: 11 | B15: Arrays | C15: Find the maximum and minimum element | D15: Easy | E15: Single pass tracking both max and min | F15: No | G15: 0
A16: 12 | B16: Arrays | C16: Find the second smallest element | D16: Easy | E16: Track smallest and second smallest in one pass | F16: No | G16: 0
... A234: 230 | B234: Dynamic Programming | C234: Word Break | D234: Medium | E234: dp[i] = true if any valid prefix split matches dictionary | F234: No | G234: 0

Sheet Summary
A1: Progress Summary
A3: Topic | B3: Total | C3: Solved | D3: % Complete
A4: Arrays | B4: =COUNTIF('DSA Roadmap'!$B$5:$B$234,A4) -> 25 | C4: =COUNTIFS('DSA Roadmap'!$B$5:$B$234,A4,'DSA Roadmap'!$F$5:$F$234,"Yes") -> 0 | D4: =IFERROR(C4/B4,0) -> 0
A5: Strings | B5: =COUNTIF('DSA Roadmap'!$B$5:$B$234,A5) -> 20 | C5: =COUNTIFS('DSA Roadmap'!$B$5:$B$234,A5,'DSA Roadmap'!$F$5:$F$234,"Yes") -> 0 | D5: =IFERROR(C5/B5,0) -> 0
A6: HashMap / HashSet | B6: =COUNTIF('DSA Roadmap'!$B$5:$B$234,A6) -> 15 | C6: =COUNTIFS('DSA Roadmap'!$B$5:$B$234,A6,'DSA Roadmap'!$F$5:$F$234,"Yes") -> 0 | D6: =IFERROR(C6/B6,0) -> 0
A7: Two Pointers | B7: =COUNTIF('DSA Roadmap'!$B$5:$B$234,A7) -> 10 | C7: =COUNTIFS('DSA Roadmap'!$B$5:$B$234,A7,'DSA Roadmap'!$F$5:$F$234,"Yes") -> 0 | D7: =IFERROR(C7/B7,0) -> 0
A8: Sliding Window | B8: =COUNTIF('DSA Roadmap'!$B$5:$B$234,A8) -> 10 | C8: =COUNTIFS('DSA Roadmap'!$B$5:$B$234,A8,'DSA Roadmap'!$F$5:$F$234,"Yes") -> 0 | D8: =IFERROR(C8/B8,0) -> 0
A9: Binary Search | B9: =COUNTIF('DSA Roadmap'!$B$5:$B$234,A9) -> 15 | C9: =COUNTIFS('DSA Roadmap'!$B$5:$B$234,A9,'DSA Roadmap'!$F$5:$F$234,"Yes") -> 0 | D9: =IFERROR(C9/B9,0) -> 0
A10: Linked List | B10: =COUNTIF('DSA Roadmap'!$B$5:$B$234,A10) -> 15 | C10: =COUNTIFS('DSA Roadmap'!$B$5:$B$234,A10,'DSA Roadmap'!$F$5:$F$234,"Yes") -> 0 | D10: =IFERROR(C10/B10,0) -> 0
A11: Stack & Queue | B11: =COUNTIF('DSA Roadmap'!$B$5:$B$234,A11) -> 15 | C11: =COUNTIFS('DSA Roadmap'!$B$5:$B$234,A11,'DSA Roadmap'!$F$5:$F$234,"Yes") -> 0 | D11: =IFERROR(C11/B11,0) -> 0
A12: Recursion & Backtracking | B12: =COUNTIF('DSA Roadmap'!$B$5:$B$234,A12) -> 15 | C12: =COUNTIFS('DSA Roadmap'!$B$5:$B$234,A12,'DSA Roadmap'!$F$5:$F$234,"Yes") -> 0 | D12: =IFERROR(C12/B12,0) -> 0
A13: Trees / BST | B13: =COUNTIF('DSA Roadmap'!$B$5:$B$234,A13) -> 25 | C13: =COUNTIFS('DSA Roadmap'!$B$5:$B$234,A13,'DSA Roadmap'!$F$5:$F$234,"Yes") -> 0 | D13: =IFERROR(C13/B13,0) -> 0
A14: Heap / Priority Queue | B14: =COUNTIF('DSA Roadmap'!$B$5:$B$234,A14) -> 10 | C14: =COUNTIFS('DSA Roadmap'!$B$5:$B$234,A14,'DSA Roadmap'!$F$5:$F$234,"Yes") -> 0 | D14: =IFERROR(C14/B14,0) -> 0
A15: Graphs | B15: =COUNTIF('DSA Roadmap'!$B$5:$B$234,A15) -> 20 | C15: =COUNTIFS('DSA Roadmap'!$B$5:$B$234,A15,'DSA Roadmap'!$F$5:$F$234,"Yes") -> 0 | D15: =IFERROR(C15/B15,0) -> 0
... A17: Dynamic Programming | B17: =COUNTIF('DSA Roadmap'!$B$5:$B$234,A17) -> 25 | C17: =COUNTIFS('DSA Roadmap'!$B$5:$B$234,A17,'DSA Roadmap'!$F$5:$F$234,"Yes") -> 0 | D17: =IFERROR(C17/B17,0) -> 0
A18: TOTAL | B18: =SUM(B4:B17) -> 230 | C18: =SUM(C4:C17) -> 0 | D18: =IFERROR(C18/B18,0) -> 0
